<?xml version="1.0" encoding="UTF-8"?>
<layout version="1.0">
    <window x="1920" y="0" w="1920" h="1151" maximized="1" screen="1">
        <splitter orientation="1">
            <split size="40"/>
            <dock id="" hideTitles="1" activePageId="Toolbar.1">
                <page id="Toolbar.1"/>
            </dock>
            <split size="1876" stretch="1"/>
            <splitter orientation="2">
                <split size="1105"/>
                <dock id="" activePageId="Viewer.1" focus="true">
                    <page id="Viewer.1"/>
                </dock>
            </splitter>
        </splitter>
    </window>
    <window x="9" y="1" w="1910" h="1141" screen="0">
        <splitter orientation="1">
            <split size="479"/>
            <splitter orientation="2">
                <split size="1141"/>
                <dock id="" activePageId="Properties.1">
                    <page id="Properties.1"/>
                    <page id="uk.co.thefoundry.backgroundrenderview.1"/>
                    <page id="uk.co.thefoundry.vectorscope.1"/>
                </dock>
            </splitter>
            <split size="1427"/>
            <splitter orientation="2">
                <split size="1141"/>
                <dock id="" activePageId="DAG.1">
                    <page id="DAG.1"/>
                    <page id="Curve Editor.1"/>
                    <page id="DopeSheet.1"/>
                </dock>
            </splitter>
        </splitter>
    </window>
</layout>
