{"PROD-sharks/IO/MikWrite": 21, "Pixelfudger/PxF_Bandpass": 4, "Neat Video/Reduce Noise v4": 2, "Merge/Premult": 39, "Keyer/Keylight": 1, "Color/Posterize": 3, "Draw/Ramp": 10, "File/Export Comp Nodes...": 1, "Filter/Erode (blur)": 6, "Transform/Reformat": 35, "Transform/IDistort": 5, "Mikros/Artistic/VoronoiGradient": 1, "Mikros/IO/MikRead": 4, "Mikros/Color/RolloffContrast noclamp": 1, "Help/Training and Tutorials": 1, "3D/Camera": 3, "ToolSets/cell noise": 2, "Merge/KeyMix": 13, "Pixelfudger/PxF_Filler": 1, "Keyer/Difference": 1, "Peregrine/pgBokeh": 7, "Color/Saturation": 6, "PROD-sharks/IO/ReadManager": 15, "Color/Clamp": 37, "Draw/LightWrap": 1, "ToolSets/Prod/Camera/Bokeh": 2, "Mikros/Transform/ITransform": 1, "Color/Math/Multiply": 28, "Image/Constant": 24, "Channel/Add": 2, "ToolSets/ExponBlur": 2, "Keyer/IBKGizmo": 1, "Image/CurveTool": 1, "Time/VectorGenerator": 2, "3D/CameraTracker": 1, "Transform/TransformMasked": 6, "Merge/Dissolve": 11, "Draw/Grain": 6, "Time/TimeEcho": 2, "Keyer/Keyer": 20, "Color/Invert": 19, "ToolSets/glow fibonacci": 3, "Filter/Erode (fast)": 68, "ToolSets/edge matte": 2, "Color/OCIO/OCIO ColorSpace": 1, "Other/Output": 3, "ToolSets/edgematte detect": 2, "Draw/Noise": 7, "Transform/Tracker": 17, "Other/PostageStamp": 8, "Keyer/IBKColour": 1, "Other/Backdrop": 22, "Channel/ChannelMerge": 79, "Channel/Shuffle": 53, "ToolSets/min max": 16, "Other/Precomp": 1, "Time/FrameHold": 15, "ToolSets/fill_sampler": 2, "Time/TimeOffset": 22, "Prod - sharks/Build/bases/cmp-base": 27, "Image/CheckerBoard": 3, "ToolSets/I_defocus": 4, "Transform/STMap": 4, "Filter/VectorBlur": 3, "Color/Exposure": 2, "MatteHue/Cell Noise": 2, "Time/FrameRange": 2, "Transform/CornerPin": 4, "Prod - damned/scripts/comp template": 1, "PROD-sharks/IO/CGImporter": 40, "Prod - damned/Build/bases/cmp-base": 4, "Color/HueShift": 1, "Draw/Text": 1, "Filter/Median": 1, "Filter/Erode (filter)": 15, "FilmLight/Baselight": 1, "Transform/Crop": 27, "Draw/Grid": 1, "Merge/Switch": 13, "Mikros/Extra/Dot Connected": 98, "Color/Math/Expression": 3, "Draw/Radial": 1, "Channel/Remove": 3, "Mikros/Keyer/P matte": 1, "Filter/Bokeh": 3, "Color/Colorspace": 6, "Color/Toe": 5, "Color/Math/Add": 3, "Mikros/Transform/Crop Cinema v5": 1, "Filter/ZDefocus": 2, "Cryptomatte/Cryptomatte": 3, "Transform/VectorDistort": 4, "Views/ShuffleViews": 1, "Other/StickyNote": 3, "Merge/Unpremult": 30, "Prod - sharks/Keyer/P matte": 2, "ToolSets/p_matte": 1, "MetaData/ViewMetaData": 4, "Prod - sharks/benjamind/Template/Grain Setup": 1, "Draw/ScannedGrain": 3, "Color/Log2Lin": 3, "Mikros/Artistic/aberation": 1, "ToolSets/aberration chromatique": 3, "Prod - sharks/Artistic/DasGrain": 2, "Mikros/Utils/DasGrain": 2, "Mikros/3D/Geometry/Exr to cam": 7, "Time/SmartVector": 3, "Edit/Expression Arrows": 1, "Other/NoOp": 1, "ToolSets/edge organic": 2, "ToolSets/x_distort": 1, "Filter/Defocus": 3, "Assets Importer/UnDistoImporterNode": 2, "Mikros/Utils/ActionVFX/MikRead_ActionVFX": 6, "Pixelfudger3/PxF_Bandpass": 6, "Time/TimeWarp": 4, "Time/Retime": 2, "Mikros/Extra/miKronos": 3, "ToolSets/Optical_Zdefocus": 2, "MetaData/CopyMetaData": 1, "MetaData/ModifyMetaData": 1, "ToolSets/Prod/Templates/old/cmp-base": 1, "PROD-sharks/IO/MikRead": 2, "ToolSets/techcheck setup": 1, "Transform/PlanarTracker": 4, "Draw/Dither": 1, "Image/Viewer": 8, "Filter/EdgeExtend": 1, "Mikros/Filter/PushPixel": 1, "Color/HistEQ": 1, "Color/Histogram": 1, "Color/ColorLookup": 1, "Color/OCIO/OCIO FileTransform": 1, "Mikros/Utils/Contact Sheet Generator/Contact Sheet Group": 5, "Merge/ContactSheet": 1, "3D/Shader/RenderMan/Reflection": 1, "Merge/Merges/Out": 1, "ToolSets/Autoalign": 1, "Color/SoftClip": 3, "Filter/EdgeDetect": 1}