<?xml version="1.0" encoding="UTF-8"?>
<layout version="1.0">
    <window x="1" y="1" w="1916" h="1143" screen="1">
        <splitter orientation="1">
            <split size="40"/>
            <dock id="" hideTitles="1" activePageId="Toolbar.1">
                <page id="Toolbar.1"/>
            </dock>
            <split size="1872" stretch="1"/>
            <splitter orientation="2">
                <split size="1099"/>
                <dock id="" activePageId="Viewer.1" focus="true">
                    <page id="Viewer.1"/>
                </dock>
            </splitter>
        </splitter>
    </window>
    <window x="1921" y="0" w="1912" h="1143" screen="0">
        <splitter orientation="1">
            <split size="515"/>
            <splitter orientation="2">
                <split size="816"/>
                <dock id="" activePageId="Properties.1">
                    <page id="Properties.1"/>
                    <page id="uk.co.thefoundry.backgroundrenderview.1"/>
                </dock>
                <split size="323"/>
                <dock id="" activePageId="uk.co.thefoundry.vectorscope.2">
                    <page id="uk.co.thefoundry.vectorscope.2"/>
                </dock>
            </splitter>
            <split size="1393"/>
            <splitter orientation="2">
                <split size="1143"/>
                <dock id="" activePageId="DAG.1">
                    <page id="DAG.1"/>
                    <page id="Curve Editor.1"/>
                    <page id="DopeSheet.1"/>
                </dock>
            </splitter>
        </splitter>
    </window>
</layout>
