<?xml version="1.0" encoding="UTF-8"?>
<layout version="1.0">
    <window x="1680" y="0" w="1920" h="1056" maximized="1" screen="2">
        <splitter orientation="1">
            <split size="40"/>
            <dock id="" hideTitles="1" activePageId="Toolbar.1">
                <page id="Toolbar.1"/>
            </dock>
            <split size="1131" stretch="1"/>
            <splitter orientation="2">
                <split size="1015"/>
                <dock id="" activePageId="DAG.1" focus="true">
                    <page id="DAG.1"/>
                    <page id="Curve Editor.1"/>
                    <page id="DopeSheet.1"/>
                    <page id="mikros.nuke.SequenceImporter"/>
                </dock>
            </splitter>
            <split size="741"/>
            <dock id="" activePageId="Properties.1">
                <page id="Properties.1"/>
                <page id="uk.co.thefoundry.backgroundrenderview.1"/>
                <page id="uk.co.thefoundry.scripteditor.1"/>
            </dock>
        </splitter>
    </window>
    <window x="3600" y="0" w="1920" h="1056" maximized="1" screen="1">
        <splitter orientation="2">
            <split size="1056"/>
            <dock id="" activePageId="Viewer.1">
                <page id="Viewer.2"/>
                <page id="Viewer.1"/>
            </dock>
        </splitter>
    </window>
</layout>
