<?xml version="1.0" encoding="UTF-8"?>
<layout version="1.0">
    <window x="3360" y="0" w="1920" h="1056" maximized="1" screen="2">
        <splitter orientation="1">
            <split size="1263"/>
            <splitter orientation="2">
                <split size="506"/>
                <dock id="" activePageId="Viewer.1">
                    <page id="Viewer.1"/>
                </dock>
                <split size="505"/>
                <dock id="" activePageId="DAG.1" focus="true">
                    <page id="DAG.1"/>
                </dock>
            </splitter>
            <split size="653"/>
            <splitter orientation="2">
                <split size="1015"/>
                <dock id="" activePageId="Properties.1">
                    <page id="Properties.1"/>
                    <page id="uk.co.thefoundry.backgroundrenderview.1"/>
                </dock>
            </splitter>
        </splitter>
    </window>
</layout>
